<?xml version="1.0" encoding="UTF-8"?>
<!--- Copyright (c) 2018-2019, The Linux Foundation. All rights reserved.       -->
<!---                                                                           -->
<!--- Redistribution and use in source and binary forms, with or without        -->
<!--- modification, are permitted provided that the following conditions are    -->
<!--- met:                                                                      -->
<!---     * Redistributions of source code must retain the above copyright      -->
<!---       notice, this list of conditions and the following disclaimer.       -->
<!---     * Redistributions in binary form must reproduce the above             -->
<!---       copyright notice, this list of conditions and the following         -->
<!---       disclaimer in the documentation and/or other materials provided     -->
<!---       with the distribution.                                              -->
<!---     * Neither the name of The Linux Foundation nor the names of its       -->
<!---       contributors may be used to endorse or promote products derived     -->
<!---       from this software without specific prior written permission.       -->
<!---                                                                           -->
<!--- THIS SOFTWARE IS PROVIDED "AS IS" AND ANY EXPRESS OR IMPLIED              -->
<!--- WARRANTIES, INCLUDING, BUT NOT LIMITED TO, THE IMPLIED WARRANTIES OF      -->
<!--- MERCHANTABILITY, FITNESS FOR A PARTICULAR PURPOSE AND NON-INFRINGEMENT    -->
<!--- ARE DISCLAIMED.  IN NO EVENT SHALL THE COPYRIGHT OWNER OR CONTRIBUTORS    -->
<!--- BE LIABLE FOR ANY DIRECT, INDIRECT, INCIDENTAL, SPECIAL, EXEMPLARY, OR    -->
<!--- CONSEQUENTIAL DAMAGES (INCLUDING, BUT NOT LIMITED TO, PROCUREMENT OF      -->
<!--- SUBSTITUTE GOODS OR SERVICES; LOSS OF USE, DATA, OR PROFITS; OR           -->
<!--- BUSINESS INTERRUPTION) HOWEVER CAUSED AND ON ANY THEORY OF LIABILITY,     -->
<!--- WHETHER IN CONTRACT, STRICT LIABILITY, OR TORT (INCLUDING NEGLIGENCE      -->
<!--- OR OTHERWISE) ARISING IN ANY WAY OUT OF THE USE OF THIS SOFTWARE, EVEN    -->
<!--- IF ADVISED OF THE POSSIBILITY OF SUCH DAMAGE.                             -->

<audio_effects_conf version="2.0" xmlns="http://schemas.android.com/audio/audio_effects_conf/v2_0">
    <libraries>
        <library name="bundle" path="libbundlewrapper.so"/>
        <library name="reverb" path="libreverbwrapper.so"/>
        <library name="visualizer_sw" path="libvisualizer.so"/>
        <library name="visualizer_hw" path="libqcomvisualizer.so"/>
        <library name="downmix" path="libdownmix.so"/>
        <library name="loudness_enhancer" path="libldnhncr.so"/>
        <library name="dynamics_processing" path="libdynproc.so"/>
        <library name="proxy" path="libeffectproxy.so"/>
        <library name="offload_bundle" path="libqcompostprocbundle.so"/>
        <library name="audio_pre_processing" path="libqcomvoiceprocessing.so"/>
        <library name="volume_listener" path="libvolumelistener.so"/>
        <library name="audiosphere" path="libasphere.so"/>
        <library name="shoebox" path="libshoebox.so"/>
        <library name="audio_bmt" path="libqtiautobundle.so"/>
        <library name="audio_fnb" path="libqtiautobundle.so"/>
        <library name="audio_delay" path="libqtiautobundle.so"/>
        <library name="audio_volume" path="libqtiautobundle.so"/>
        <library name="audio_avc" path="libqtiautobundle.so"/>
        <library name="audio_sumx" path="libqtiautobundle.so"/>
        <library name="audio_synth" path="libqtiautobundle.so"/>
    </libraries>
    <effects>
        <effectProxy name="bassboost" library="proxy" uuid="14804144-a5ee-4d24-aa88-0002a5d5c51b">
            <libsw library="bundle" uuid="8631f300-72e2-11df-b57e-0002a5d5c51b"/>
            <libhw library="offload_bundle" uuid="2c4a8c24-1581-487f-94f6-0002a5d5c51b"/>
        </effectProxy>
        <effectProxy name="virtualizer" library="proxy" uuid="d3467faa-acc7-4d34-acaf-0002a5d5c51b">
            <libsw library="bundle" uuid="1d4033c0-8557-11df-9f2d-0002a5d5c51b"/>
            <libhw library="offload_bundle" uuid="509a4498-561a-4bea-b3b1-0002a5d5c51b"/>
        </effectProxy>
        <effectProxy name="equalizer" library="proxy" uuid="c8e70ecd-48ca-456e-8a4f-0002a5d5c51b">
            <libsw library="bundle" uuid="ce772f20-847d-11df-bb17-0002a5d5c51b"/>
            <libhw library="offload_bundle" uuid="a0dac280-401c-11e3-9379-0002a5d5c51b"/>
        </effectProxy>
        <effect name="volume" library="bundle" uuid="119341a0-8469-11df-81f9-0002a5d5c51b"/>
        <effectProxy name="reverb_env_aux" library="proxy" uuid="48404ac9-d202-4ccc-bf84-0002a5d5c51b">
            <libsw library="reverb" uuid="4a387fc0-8ab3-11df-8bad-0002a5d5c51b"/>
            <libhw library="offload_bundle" uuid="79a18026-18fd-4185-8233-0002a5d5c51b"/>
        </effectProxy>
        <effectProxy name="reverb_env_ins" library="proxy" uuid="b707403a-a1c1-4291-9573-0002a5d5c51b">
            <libsw library="reverb" uuid="c7a511a0-a3bb-11df-860e-0002a5d5c51b"/>
            <libhw library="offload_bundle" uuid="eb64ea04-973b-43d2-8f5e-0002a5d5c51b"/>
        </effectProxy>
        <effectProxy name="reverb_pre_aux" library="proxy" uuid="1b78f587-6d1c-422e-8b84-0002a5d5c51b">
            <libsw library="reverb" uuid="f29a1400-a3bb-11df-8ddc-0002a5d5c51b"/>
            <libhw library="offload_bundle" uuid="6987be09-b142-4b41-9056-0002a5d5c51b"/>
        </effectProxy>
        <effectProxy name="reverb_pre_ins" library="proxy" uuid="f3e178d2-ebcb-408e-8357-0002a5d5c51b">
            <libsw library="reverb" uuid="172cdf00-a3bc-11df-a72f-0002a5d5c51b"/>
            <libhw library="offload_bundle" uuid="aa2bebf6-47cf-4613-9bca-0002a5d5c51b"/>
        </effectProxy>
        <effectProxy name="visualizer" library="proxy" uuid="1d0a1a53-7d5d-48f2-8e71-27fbd10d842c">
            <libsw library="visualizer_sw" uuid="d069d9e0-8329-11df-9168-0002a5d5c51b"/>
            <libhw library="visualizer_hw" uuid="7a8044a0-1a71-11e3-a184-0002a5d5c51b"/>
        </effectProxy>
        <effect name="downmix" library="downmix" uuid="93f04452-e4fe-41cc-91f9-e475b6d1d69f"/>
        <effect name="hw_acc" library="offload_bundle" uuid="7d1580bd-297f-4683-9239-e475b6d1d69f"/>
        <effect name="loudness_enhancer" library="loudness_enhancer" uuid="fa415329-2034-4bea-b5dc-5b381c8d1e2c"/>
        <effect name="dynamics_processing" library="dynamics_processing" uuid="e0e6539b-1781-7261-676f-6d7573696340"/>
        <effect name="aec" library="audio_pre_processing" uuid="0f8d0d2a-59e5-45fe-b6e4-248c8a799109"/>
        <effect name="ns" library="audio_pre_processing" uuid="1d97bb0b-9e2f-4403-9ae3-58c2554306f8"/>
        <effect name="music_helper" library="volume_listener" uuid="08b8b058-0590-11e5-ac71-0025b32654a0"/>
        <effect name="ring_helper" library="volume_listener" uuid="0956df94-0590-11e5-bdbe-0025b32654a0"/>
        <effect name="alarm_helper" library="volume_listener" uuid="09f303e2-0590-11e5-8fdb-0025b32654a0"/>
        <effect name="voice_helper" library="volume_listener" uuid="0ace5c08-0590-11e5-ae9e-0025b32654a0"/>
        <effect name="notification_helper" library="volume_listener" uuid="0b776dde-0590-11e5-81ba-0025b32654a0"/>
        <effect name="audiosphere" library="audiosphere" uuid="184e62ab-2d19-4364-9d1b-c0a40733866c"/>
        <effect name="shoebox" library="shoebox" uuid="1eab784c-1a36-4b2a-b7fc-e34c44cab89e"/>
        <effect name="audio_bmt" library="audio_bmt" uuid="e039757b-a367-44e9-9bbb-634af0c51cb7"/>
        <effect name="audio_fnb" library="audio_fnb" uuid="6bc88c84-a544-11e8-98d0-529269fb1459"/>
        <effect name="audio_delay" library="audio_delay" uuid="a31574a6-a5e7-11e8-98d0-529269fb1459"/>
        <effect name="audio_volume" library="audio_volume" uuid="3d844dd4-a367-11e8-9eb6-529269fb1459"/>
        <effect name="audio_avc" library="audio_avc" uuid="2130c69e-6a3a-4e35-9890-71687f0b78bf"/>
        <effect name="audio_sumx" library="audio_sumx" uuid="32e9fe7f-de63-4d1b-a5d2-281e8492f3ce"/>
        <effect name="audio_synth" library="audio_synth" uuid="a124b54f-4026-4ed2-9316-4ba2d5effdb8"/>
    </effects>
    <postprocess>
        <stream type="music">
            <apply effect="music_helper"/>
        </stream>
        <stream type="ring">
            <apply effect="ring_helper"/>
        </stream>
        <stream type="alarm">
            <apply effect="alarm_helper"/>
        </stream>
        <stream type="voice_call">
            <apply effect="voice_helper"/>
        </stream>
        <stream type="notification">
            <apply effect="notification_helper"/>
        </stream>
    </postprocess>
    <preprocess>
        <stream type="voice_communication">
            <apply effect="aec"/>
            <apply effect="ns"/>
        </stream>
    </preprocess>
</audio_effects_conf>
