<?xml version="1.0" encoding="ISO-8859-1"?>
<!---Copyright (c) 2015, 2018 The Linux Foundation. All rights reserved         -->
<!---                                                                           -->
<!--- Redistribution and use in source and binary forms, with or without        -->
<!--- modification, are permitted provided that the following conditions are    -->
<!--- met:                                                                      -->
<!---     * Redistributions of source code must retain the above copyright      -->
<!---       notice, this list of conditions and the following disclaimer.       -->
<!---     * Redistributions in binary form must reproduce the above             -->
<!---       copyright notice, this list of conditions and the following         -->
<!---       disclaimer in the documentation and/or other materials provided     -->
<!---       with the distribution.                                              -->
<!---     * Neither the name of The Linux Foundation nor the names of its       -->
<!---       contributors may be used to endorse or promote products derived     -->
<!---       from this software without specific prior written permission.       -->
<!---                                                                           -->
<!--- THIS SOFTWARE IS PROVIDED "AS IS" AND ANY EXPRESS OR IMPLIED              -->
<!--- WARRANTIES, INCLUDING, BUT NOT LIMITED TO, THE IMPLIED WARRANTIES OF      -->
<!--- MERCHANTABILITY, FITNESS FOR A PARTICULAR PURPOSE AND NON-INFRINGEMENT    -->
<!--- ARE DISCLAIMED.  IN NO EVENT SHALL THE COPYRIGHT OWNER OR CONTRIBUTORS    -->
<!--- BE LIABLE FOR ANY DIRECT, INDIRECT, INCIDENTAL, SPECIAL, EXEMPLARY, OR    -->
<!--- CONSEQUENTIAL DAMAGES (INCLUDING, BUT NOT LIMITED TO, PROCUREMENT OF      -->
<!--- SUBSTITUTE GOODS OR SERVICES; LOSS OF USE, DATA, OR PROFITS; OR           -->
<!--- BUSINESS INTERRUPTION) HOWEVER CAUSED AND ON ANY THEORY OF LIABILITY,     -->
<!--- WHETHER IN CONTRACT, STRICT LIABILITY, OR TORT (INCLUDING NEGLIGENCE      -->
<!--- OR OTHERWISE) ARISING IN ANY WAY OUT OF THE USE OF THIS SOFTWARE, EVEN    -->
<!--- IF ADVISED OF THE POSSIBILITY OF SUCH DAMAGE.                             -->
<mixer>
    <!-- These are the initial mixer settings -->
    <ctl name="LSM1 Mixer QUAT_MI2S_TX" value="0" />
    <ctl name="LSM2 Mixer QUAT_MI2S_TX" value="0" />
    <ctl name="LSM3 Mixer QUAT_MI2S_TX" value="0" />
    <ctl name="LSM4 Mixer QUAT_MI2S_TX" value="0" />
    <ctl name="LSM5 Mixer QUAT_MI2S_TX" value="0" />
    <ctl name="LSM6 Mixer QUAT_MI2S_TX" value="0" />
    <ctl name="LSM7 Mixer QUAT_MI2S_TX" value="0" />
    <ctl name="LSM8 Mixer QUAT_MI2S_TX" value="0" />
    <ctl name="LSM1 Port" value="None" />
    <ctl name="LSM2 Port" value="None" />
    <ctl name="LSM3 Port" value="None" />
    <ctl name="LSM4 Port" value="None" />
    <ctl name="LSM5 Port" value="None" />
    <ctl name="LSM6 Port" value="None" />
    <ctl name="LSM7 Port" value="None" />
    <ctl name="LSM8 Port" value="None" />
    <ctl name="QUAT_MI2S_TX LSM Function" value="None" />
    <ctl name="MADONOFF Switch" value="0" />
    <ctl name="MAD Input" value="DMIC1" />
    <ctl name="MAD_BROADCAST Switch" value="0" />
    <ctl name="TX13 INP MUX" value="CDC_DEC_5" />
    <ctl name="AIF4_MAD Mixer SLIM TX12" value="0" />
    <ctl name="AIF4_MAD Mixer SLIM TX13" value="0" />
    <ctl name="CPE AFE MAD Enable" value="0"/>
    <ctl name="MultiMedia2 Mixer PRI_TDM_TX_0" value="0" />
    <ctl name="MultiMedia9 Mixer AFE_LOOPBACK_TX" value="0" />

    <ctl name="ADC MUX8" value="AMIC" />
    <ctl name="ADC MUX7" value="AMIC" />
    <ctl name="ADC MUX6" value="AMIC" />
    <ctl name="PRI_TDM_TX_0 Channels" value="One" />

    <ctl name="AUDIO_REF_EC_UL1 MUX" value="None"/>
    <ctl name="EC Reference Channels" value="Zero"/>
    <ctl name="EC Reference Bit Format" value="0"/>
    <ctl name="EC Reference SampleRate" value="0"/>

    <ctl name="AIF1_CAP Mixer SLIM TX7" value="0" />
    <ctl name="AIF1_CAP Mixer SLIM TX8" value="0"/>
    <ctl name="AIF1_CAP Mixer SLIM TX6" value="0" />
    <ctl name="AIF1_CAP Mixer SLIM TX11" value="0"/>

    <ctl name="DMIC MUX0" value="ZERO" />
    <ctl name="DMIC MUX6" value="ZERO" />
    <ctl name="DMIC MUX7" value="ZERO" />
    <ctl name="DMIC MUX8" value="ZERO" />

    <ctl name="ADC MUX0" value="AMIC" />
    <ctl name="ADC MUX6" value="AMIC" />
    <ctl name="ADC MUX7" value="AMIC" />
    <ctl name="ADC MUX8" value="AMIC" />

    <ctl name="SLIM TX6 MUX" value="ZERO" />
    <ctl name="SLIM TX7 MUX" value="ZERO" />
    <ctl name="SLIM TX8 MUX" value="ZERO" />
    <ctl name="SLIM TX11 MUX" value="ZERO" />

    <path name="listen-voice-wakeup-1">
        <ctl name="QUAT_MI2S_TX LSM Function" value="SWAUDIO" />
        <ctl name="LSM1 Port" value="ADM_LSM_TX" />
        <ctl name="LSM1 Mixer QUAT_MI2S_TX" value="1" />
    </path>

    <path name="listen-voice-wakeup-2">
        <ctl name="QUAT_MI2S_TX LSM Function" value="SWAUDIO" />
        <ctl name="LSM2 Port" value="ADM_LSM_TX" />
        <ctl name="LSM2 Mixer QUAT_MI2S_TX" value="1" />
    </path>
    <path name="listen-voice-wakeup-3">
        <ctl name="QUAT_MI2S_TX LSM Function" value="SWAUDIO" />
        <ctl name="LSM3 Port" value="ADM_LSM_TX" />
        <ctl name="LSM3 Mixer QUAT_MI2S_TX" value="1" />
    </path>
    <path name="listen-voice-wakeup-4">
        <ctl name="QUAT_MI2S_TX LSM Function" value="SWAUDIO" />
        <ctl name="LSM4 Port" value="ADM_LSM_TX" />
        <ctl name="LSM4 Mixer QUAT_MI2S_TX" value="1" />
    </path>
    <path name="listen-voice-wakeup-5">
        <ctl name="QUAT_MI2S_TX LSM Function" value="SWAUDIO" />
        <ctl name="LSM5 Port" value="ADM_LSM_TX" />
        <ctl name="LSM5 Mixer QUAT_MI2S_TX" value="1" />
    </path>
    <path name="listen-voice-wakeup-6">
        <ctl name="QUAT_MI2S_TX LSM Function" value="SWAUDIO" />
        <ctl name="LSM6 Port" value="ADM_LSM_TX" />
        <ctl name="LSM6 Mixer QUAT_MI2S_TX" value="1" />
    </path>
    <path name="listen-voice-wakeup-7">
        <ctl name="QUAT_MI2S_TX LSM Function" value="SWAUDIO" />
        <ctl name="LSM7 Port" value="ADM_LSM_TX" />
        <ctl name="LSM7 Mixer QUAT_MI2S_TX" value="1" />
    </path>
    <path name="listen-voice-wakeup-8">
        <ctl name="QUAT_MI2S_TX LSM Function" value="SWAUDIO" />
        <ctl name="LSM8 Port" value="ADM_LSM_TX" />
        <ctl name="LSM8 Mixer QUAT_MI2S_TX" value="1" />
    </path>

    <path name="listen-voice-wakeup-1 preproc">
        <path name="listen-voice-wakeup-1" />
    </path>

    <path name="listen-voice-wakeup-2 preproc">
        <path name="listen-voice-wakeup-2" />
    </path>

    <path name="listen-voice-wakeup-3 preproc">
        <path name="listen-voice-wakeup-3" />
    </path>

    <path name="listen-voice-wakeup-4 preproc">
        <path name="listen-voice-wakeup-4" />
    </path>

    <path name="listen-voice-wakeup-5 preproc">
        <path name="listen-voice-wakeup-5" />
    </path>

    <path name="listen-voice-wakeup-6 preproc">
        <path name="listen-voice-wakeup-6" />
    </path>

    <path name="listen-voice-wakeup-7 preproc">
        <path name="listen-voice-wakeup-7" />
    </path>

    <path name="listen-voice-wakeup-8 preproc">
        <path name="listen-voice-wakeup-8" />
    </path>

    <path name="audio-capture">
        <ctl name="MultiMedia2 Mixer PRI_TDM_TX_0" value="1" />
    </path>

    <path name="ec-ref-audio-capture">
        <ctl name="MultiMedia9 Mixer AFE_LOOPBACK_TX" value="1" />
        <ctl name="AUDIO_REF_EC_UL1 MUX" value="I2S_RX" />
    </path>

    <path name="listen-cpe-handset-mic">
        <ctl name="MADONOFF Switch" value="1" />
        <ctl name="TX13 INP MUX" value="CPE_TX_PP" />
        <ctl name="AIF4_MAD Mixer SLIM TX13" value="1" />
        <ctl name="MAD Input" value="DMIC0" />
        <ctl name="CPE AFE MAD Enable" value="1"/>
    </path>

    <!-- path name used for low bandwidth FTRT codec interface -->
    <path name="listen-cpe-handset-mic low-speed-intf">
        <ctl name="MADONOFF Switch" value="1" />
        <ctl name="AIF4_MAD Mixer SLIM TX12" value="1" />
        <ctl name="MAD Input" value="DMIC0" />
        <ctl name="CPE AFE MAD Enable" value="1"/>
     </path>

    <path name="listen-ape-handset-mic">
       <ctl name="AIF1_CAP Mixer SLIM TX6" value="1"/>
        <ctl name="MI2S_TX Channels" value="One" />
        <ctl name="SLIM TX6 MUX" value="DEC6" />
        <ctl name="ADC MUX6" value="DMIC" />
        <ctl name="DMIC MUX6" value="DMIC0" />
    </path>

    <path name="listen-ape-handset-mic-preproc">
        <path name="listen-ape-handset-mic" />
    </path>

    <path name="listen-ape-handset-qmic">
        <ctl name="PRI_TDM_TX_0 Channels" value="Four" />
    </path>

    <path name="listen-handset-6mic">
        <ctl name="PRI_TDM_TX_0 Channels" value="Six" />
    </path>

    <path name="listen-handset-8mic">
        <ctl name="PRI_TDM_TX_0 Channels" value="Eight" />
    </path>

    <path name="ec-ref-loopback-mono">
    </path>

    <path name="ec-ref-loopback-stereo">
    </path>

    <path name="echo-reference">
        <ctl name="AUDIO_REF_EC_UL1 MUX" value="I2S_RX"/>
        <ctl name="EC Reference Channels" value="Two"/>
        <ctl name="EC Reference Bit Format" value="S16_LE"/>
        <ctl name="EC Reference SampleRate" value="48000"/>
    </path>

</mixer>
