<compatibility-matrix version="1.0" type="device">
    <hal format="hidl" optional="false">
        <name>android.frameworks.displayservice</name>
        <version>1.0</version>
        <interface>
            <name>IDisplayService</name>
            <instance>default</instance>
        </interface>
    </hal>
    <hal format="hidl" optional="false">
        <name>android.frameworks.schedulerservice</name>
        <version>1.0</version>
        <interface>
            <name>ISchedulingPolicyService</name>
            <instance>default</instance>
        </interface>
    </hal>
    <hal format="hidl" optional="false">
        <name>android.frameworks.sensorservice</name>
        <version>1.0</version>
        <interface>
            <name>ISensorManager</name>
            <instance>default</instance>
        </interface>
    </hal>
    <hal format="hidl" optional="true">
        <name>android.hardware.gnss</name>
        <version>1.0-1</version>
        <version>2.0</version>
        <interface>
            <name>IGnss</name>
            <instance>default</instance>
        </interface>
    </hal>
    <hal format="hidl" optional="true">
        <name>vendor.qti.gnss</name>
        <version>1.0-2</version>
        <version>2.0-1</version>
        <version>3.0</version>
        <version>4.0</version>
        <interface>
            <name>ILocHidlGnss</name>
            <instance>gnss_vendor</instance>
        </interface>
    </hal>
    <hal format="hidl" optional="false">
        <name>android.hidl.manager</name>
        <version>1.2</version>
        <interface>
            <name>IServiceManager</name>
            <instance>default</instance>
        </interface>
    </hal>
    <hal format="hidl" optional="false">
        <name>android.hidl.memory</name>
        <version>1.0</version>
        <interface>
            <name>IMapper</name>
            <instance>ashmem</instance>
        </interface>
    </hal>
    <hal format="hidl" optional="false">
        <name>android.hidl.token</name>
        <version>1.0</version>
        <interface>
            <name>ITokenManager</name>
            <instance>default</instance>
        </interface>
    </hal>
    <hal format="hidl" optional="false">
        <name>android.system.net.netd</name>
        <version>1.1</version>
        <interface>
            <name>INetd</name>
            <instance>default</instance>
        </interface>
    </hal>
    <hal format="hidl" optional="false">
        <name>android.system.wifi.keystore</name>
        <version>1.0</version>
        <interface>
            <name>IKeystore</name>
            <instance>default</instance>
        </interface>
    </hal>
    <hal format="native" optional="false">
        <name>netutils-wrapper</name>
        <!--
            netutils-wrapper should only list a single version x.0.
            netutils-wrapper next version has less functionalities than
            previous versions, so unlike a HAL, netutils-wrapper are not
            backwards compatible. Hence the major version must be bumped for
            each update.
            Vendor code should switch to (x+1).0 completely before when the
            requirement is updated here.
        -->
        <version>1.0</version>
    </hal>
    <hal format="hidl" optional="true">
        <name>vendor.qti.hardware.qccsyshal</name>
        <transport>hwbinder</transport>
        <version>1.0</version>
        <interface>
            <name>IQccsyshal</name>
            <instance>qccsyshal</instance>
        </interface>
   </hal>
</compatibility-matrix>
