<?xml version="1.0" encoding="utf-8"?>
<!--
/*
 * Copyright (c) 2019, The Linux Foundation. All rights reserved.
 * Not a Contribution.
 */
-->
<!-- Copyright (C) 2018 The Android Open Source Project

     Licensed under the Apache License, Version 2.0 (the "License");
     you may not use this file except in compliance with the License.
     You may obtain a copy of the License at

          http://www.apache.org/licenses/LICENSE-2.0

     Unless required by applicable law or agreed to in writing, software
     distributed under the License is distributed on an "AS IS" BASIS,
     WITHOUT WARRANTIES OR CONDITIONS OF ANY KIND, either express or implied.
     See the License for the specific language governing permissions and
     limitations under the License.
-->

<!--
  Defines the audio configuration in a car, including
    - Audio zones
    - Display to audio zone mappings
    - Context to audio bus mappings
    - Volume groups
  in the car environment.
-->
<carAudioConfiguration version="2">
    <zones>
        <zone name="primary zone" isPrimary="true" occupantZoneId="0">
            <volumeGroups>
                <group>
                    <device address="BUS00_MEDIA">
                        <context context="music"/>
                    </device>
                </group>
                <group>
                    <device address="BUS01_SYS_NOTIFICATION">
                        <context context="alarm"/>
                        <context context="notification"/>
                        <context context="system_sound"/>
                        <context context="emergency"/>
                        <context context="safety"/>
                        <context context="vehicle_status"/>
                        <context context="announcement"/>
                    </device>
                </group>
                <group>
                    <device address="BUS02_NAV_GUIDANCE">
                        <context context="navigation"/>
                        <context context="voice_command"/>
                    </device>
                </group>
                <group>
                    <device address="BUS03_PHONE">
                        <context context="call"/>
                        <context context="call_ring"/>
                    </device>
                </group>
            </volumeGroups>
            <displays>
                <display port="0"/>
            </displays>
            <!-- to specify displays associated with this audio zone, use the following tags
                <displays>
                    <display port="1"/>
                    <display port="2"/>
                </displays>
                where port is the physical port of the display (See DisplayAddress.Phyisical)
            -->
        </zone>
        <zone name="front passenger zone" audioZoneId="1">
            <volumeGroups>
                <group>
                    <device address="BUS08_FRONT_PASSENGER">
                        <context context="music"/>
                        <context context="navigation"/>
                        <context context="voice_command"/>
                        <context context="call_ring"/>
                        <context context="call"/>
                        <context context="alarm"/>
                        <context context="notification"/>
                        <context context="system_sound"/>
                        <context context="emergency"/>
                        <context context="safety"/>
                        <context context="vehicle_status"/>
                        <context context="announcement"/>
                    </device>
                </group>
            </volumeGroups>
            <displays>
                <display port="1"/>
            </displays>
        </zone>
        <zone name="rear seat zone" audioZoneId="2">
            <volumeGroups>
                <group>
                    <device address="BUS16_REAR_SEAT">
                        <context context="music"/>
                        <context context="navigation"/>
                        <context context="voice_command"/>
                        <context context="call_ring"/>
                        <context context="call"/>
                        <context context="alarm"/>
                        <context context="notification"/>
                        <context context="system_sound"/>
                        <context context="emergency"/>
                        <context context="safety"/>
                        <context context="vehicle_status"/>
                        <context context="announcement"/>
                    </device>
                </group>
            </volumeGroups>
            <displays>
                <display port="2"/>
            </displays>
        </zone>
    </zones>
</carAudioConfiguration>
